comment,summary,sentiment
The legislation supports better financial governance., The legislation supports better financial governance . The legislation was passed by the US House of Representatives,POSITIVE
The draft policy lacks clear implementation guidelines., The draft policy lacks clear implementation guidelines . Draft policy has been criticised for lack of clear,NEGATIVE
The amendment encourages improved reporting standards., Amendment encourages improved reporting standards . Amendment encourages better reporting standards for journalists .,POSITIVE
The regulation supports stronger enforcement mechanisms., The regulation supports stronger enforcement mechanisms .,POSITIVE
The legislation supports better financial governance., The legislation supports better financial governance . The legislation was passed by the US House of Representatives,POSITIVE
The amendment encourages ethical business practices and transparency., The amendment encourages ethical business practices and transparency .,POSITIVE
The policy provides better safeguards for minority shareholders., The policy provides better safeguards for minority shareholders .,NEGATIVE
The policy provides better safeguards for minority shareholders., The policy provides better safeguards for minority shareholders .,NEGATIVE
The regulation could simplify certain reporting procedures., The regulation could simplify certain reporting procedures .,NEGATIVE
The amendment might require companies to adopt better governance frameworks., The amendment might require companies to adopt better governance frameworks . It might require them to adopt,NEGATIVE
The draft amendment may improve disclosure requirements for listed companies., The draft amendment may improve disclosure requirements for listed companies . Draft amendment may also improve disclosure,POSITIVE
The legislation might create additional reporting obligations., The legislation might create additional reporting obligations .,NEGATIVE
The policy may benefit stakeholders through greater transparency., The policy may benefit stakeholders through greater transparency .,POSITIVE
The legislation supports better financial governance., The legislation supports better financial governance . The legislation was passed by the US House of Representatives,POSITIVE
The regulation will likely enhance market transparency., The regulation will likely enhance market transparency .,POSITIVE
The draft policy lacks clear implementation guidelines., The draft policy lacks clear implementation guidelines . Draft policy has been criticised for lack of clear,NEGATIVE
The draft legislation requires more clarity regarding reporting requirements., Draft legislation requires more clarity regarding reporting requirements . Draft legislation must be more clear regarding reporting,NEGATIVE
This amendment could lead to unnecessary administrative work for startups.," This amendment could lead to unnecessary administrative work for startups, says Sen. Ted Cruz .",NEGATIVE
The draft policy might require better documentation from companies., The draft policy might require better documentation from companies .,NEGATIVE
The legislation may create challenges for newly established businesses., The legislation may create challenges for newly established businesses .,NEGATIVE
The proposed amendment will improve transparency in corporate governance., The proposed amendment will improve transparency in corporate governance .,POSITIVE
The amendment may enhance investor trust., The amendment may enhance investor trust. It may enhance trust. The amendment could enhance investor,POSITIVE
The policy may improve monitoring of corporate activities., The policy may improve monitoring of corporate activities .,POSITIVE
The policy provides better safeguards for minority shareholders., The policy provides better safeguards for minority shareholders .,NEGATIVE
The draft legislation requires more clarity regarding reporting requirements., Draft legislation requires more clarity regarding reporting requirements . Draft legislation must be more clear regarding reporting,NEGATIVE
The regulation strengthens accountability mechanisms.," The regulation strengthens accountability mechanisms. The regulation strengthened accountability mechanisms, the regulator says .",POSITIVE
The policy may benefit stakeholders through greater transparency., The policy may benefit stakeholders through greater transparency .,POSITIVE
The regulation strengthens accountability mechanisms.," The regulation strengthens accountability mechanisms. The regulation strengthened accountability mechanisms, the regulator says .",POSITIVE
The proposed amendment will improve transparency in corporate governance., The proposed amendment will improve transparency in corporate governance .,POSITIVE
The amendment may increase documentation requirements., Amendment may increase documentation requirements . Amendment may also increase requirements for documentation .,POSITIVE
The regulation appears favorable for improving transparency., The regulation appears favorable for improving transparency .,POSITIVE
The proposal could result in additional regulatory scrutiny., The proposal could result in additional regulatory scrutiny .,NEGATIVE
This regulation may increase compliance burden for small businesses., This regulation may increase compliance burden for small businesses . Small businesses may face increased compliance burden,NEGATIVE
The draft policy might require better documentation from companies., The draft policy might require better documentation from companies .,NEGATIVE
The legislation might create additional reporting obligations., The legislation might create additional reporting obligations .,NEGATIVE
The amendment may increase documentation requirements., Amendment may increase documentation requirements . Amendment may also increase requirements for documentation .,POSITIVE
The regulation appears favorable for improving transparency., The regulation appears favorable for improving transparency .,POSITIVE
The draft policy lacks clear implementation guidelines., The draft policy lacks clear implementation guidelines . Draft policy has been criticised for lack of clear,NEGATIVE
The legislation supports better financial governance., The legislation supports better financial governance . The legislation was passed by the US House of Representatives,POSITIVE
The proposal could increase operational costs for small enterprises., The proposal could increase operational costs for small enterprises .,NEGATIVE
The legislation could lead to better corporate oversight., The legislation could lead to better corporate oversight .,NEGATIVE
The regulation will likely enhance market transparency., The regulation will likely enhance market transparency .,POSITIVE
The regulation seems too complex for smaller companies to follow., The regulation seems too complex for smaller companies to follow .,NEGATIVE
The amendment may increase documentation requirements., Amendment may increase documentation requirements . Amendment may also increase requirements for documentation .,POSITIVE
The amendment encourages improved reporting standards., Amendment encourages improved reporting standards . Amendment encourages better reporting standards for journalists .,POSITIVE
The legislation could lead to better corporate oversight., The legislation could lead to better corporate oversight .,NEGATIVE
The proposal supports stronger financial accountability among corporations., The proposal supports stronger financial accountability among corporations .,POSITIVE
The legislation might create additional reporting obligations., The legislation might create additional reporting obligations .,NEGATIVE
The amendment may enhance investor trust., The amendment may enhance investor trust. It may enhance trust. The amendment could enhance investor,POSITIVE
The regulation supports stronger enforcement mechanisms., The regulation supports stronger enforcement mechanisms .,POSITIVE
Small firms might struggle to meet the new regulatory standards., Small firms might struggle to meet the new regulatory standards .,NEGATIVE
This amendment could lead to unnecessary administrative work for startups.," This amendment could lead to unnecessary administrative work for startups, says Sen. Ted Cruz .",NEGATIVE
The proposal could increase operational costs for small enterprises., The proposal could increase operational costs for small enterprises .,NEGATIVE
The regulation supports stronger enforcement mechanisms., The regulation supports stronger enforcement mechanisms .,POSITIVE
The amendment might impose additional procedural requirements., The amendment might impose additional procedural requirements .,NEGATIVE
The legislation may create challenges for newly established businesses., The legislation may create challenges for newly established businesses .,NEGATIVE
The draft policy lacks clear implementation guidelines., The draft policy lacks clear implementation guidelines . Draft policy has been criticised for lack of clear,NEGATIVE
The amendment may enhance investor trust., The amendment may enhance investor trust. It may enhance trust. The amendment could enhance investor,POSITIVE
This regulation may increase compliance burden for small businesses., This regulation may increase compliance burden for small businesses . Small businesses may face increased compliance burden,NEGATIVE
Small firms might struggle to meet the new regulatory standards., Small firms might struggle to meet the new regulatory standards .,NEGATIVE
The regulation seems too complex for smaller companies to follow., The regulation seems too complex for smaller companies to follow .,NEGATIVE
The proposal could increase operational costs for small enterprises., The proposal could increase operational costs for small enterprises .,NEGATIVE
The policy may improve monitoring of corporate activities., The policy may improve monitoring of corporate activities .,POSITIVE
The draft policy lacks clear implementation guidelines., The draft policy lacks clear implementation guidelines . Draft policy has been criticised for lack of clear,NEGATIVE
This regulation may increase compliance burden for small businesses., This regulation may increase compliance burden for small businesses . Small businesses may face increased compliance burden,NEGATIVE
The amendment might increase administrative workload., Amendment might increase administrative workload. The amendment might increase workload. It might also increase administrative,NEGATIVE
The amendment may enhance investor trust., The amendment may enhance investor trust. It may enhance trust. The amendment could enhance investor,POSITIVE
The proposal supports stronger financial accountability among corporations., The proposal supports stronger financial accountability among corporations .,POSITIVE
The amendment might require companies to adopt better governance frameworks., The amendment might require companies to adopt better governance frameworks . It might require them to adopt,NEGATIVE
The legislation could lead to better corporate oversight., The legislation could lead to better corporate oversight .,NEGATIVE
The draft legislation requires more clarity regarding reporting requirements., Draft legislation requires more clarity regarding reporting requirements . Draft legislation must be more clear regarding reporting,NEGATIVE
The proposal supports stronger financial accountability among corporations., The proposal supports stronger financial accountability among corporations .,POSITIVE
The proposal could result in additional regulatory scrutiny., The proposal could result in additional regulatory scrutiny .,NEGATIVE
The proposal supports stronger financial accountability among corporations., The proposal supports stronger financial accountability among corporations .,POSITIVE
The amendment encourages improved reporting standards., Amendment encourages improved reporting standards . Amendment encourages better reporting standards for journalists .,POSITIVE
The policy change appears beneficial for investor protection., The policy change appears beneficial for investor protection .,POSITIVE
The legislation could lead to better corporate oversight., The legislation could lead to better corporate oversight .,NEGATIVE
The amendment might impose additional procedural requirements., The amendment might impose additional procedural requirements .,NEGATIVE
The amendment encourages improved reporting standards., Amendment encourages improved reporting standards . Amendment encourages better reporting standards for journalists .,POSITIVE
The legislation might create additional reporting obligations., The legislation might create additional reporting obligations .,NEGATIVE
The proposal encourages responsible corporate behavior., The proposal encourages responsible corporate behavior .,POSITIVE
The proposal might discourage startups due to stricter compliance., The proposal might discourage startups due to stricter compliance .,NEGATIVE
The proposal supports stronger financial accountability among corporations., The proposal supports stronger financial accountability among corporations .,POSITIVE
The proposal could increase operational costs for small enterprises., The proposal could increase operational costs for small enterprises .,NEGATIVE
Small firms might struggle to meet the new regulatory standards., Small firms might struggle to meet the new regulatory standards .,NEGATIVE
The regulation supports stronger enforcement mechanisms., The regulation supports stronger enforcement mechanisms .,POSITIVE
The amendment might increase administrative workload., Amendment might increase administrative workload. The amendment might increase workload. It might also increase administrative,NEGATIVE
The policy change appears beneficial for investor protection., The policy change appears beneficial for investor protection .,POSITIVE
The amendment may increase documentation requirements., Amendment may increase documentation requirements . Amendment may also increase requirements for documentation .,POSITIVE
The policy may benefit stakeholders through greater transparency., The policy may benefit stakeholders through greater transparency .,POSITIVE
The amendment might require companies to adopt better governance frameworks., The amendment might require companies to adopt better governance frameworks . It might require them to adopt,NEGATIVE
The legislation might create additional reporting obligations., The legislation might create additional reporting obligations .,NEGATIVE
The policy change appears beneficial for investor protection., The policy change appears beneficial for investor protection .,POSITIVE
The legislation may create challenges for newly established businesses., The legislation may create challenges for newly established businesses .,NEGATIVE
The legislation might create additional reporting obligations., The legislation might create additional reporting obligations .,NEGATIVE
The proposal supports stronger financial accountability among corporations., The proposal supports stronger financial accountability among corporations .,POSITIVE
The regulation will likely enhance market transparency., The regulation will likely enhance market transparency .,POSITIVE
The amendment might require companies to adopt better governance frameworks., The amendment might require companies to adopt better governance frameworks . It might require them to adopt,NEGATIVE
The policy may improve monitoring of corporate activities., The policy may improve monitoring of corporate activities .,POSITIVE
The proposal might discourage startups due to stricter compliance., The proposal might discourage startups due to stricter compliance .,NEGATIVE
The proposal supports stronger financial accountability among corporations., The proposal supports stronger financial accountability among corporations .,POSITIVE
The amendment encourages ethical business practices and transparency., The amendment encourages ethical business practices and transparency .,POSITIVE
The amendment may increase documentation requirements., Amendment may increase documentation requirements . Amendment may also increase requirements for documentation .,POSITIVE
The proposal could increase operational costs for small enterprises., The proposal could increase operational costs for small enterprises .,NEGATIVE
The legislation could lead to better corporate oversight., The legislation could lead to better corporate oversight .,NEGATIVE
The draft amendment may improve disclosure requirements for listed companies., The draft amendment may improve disclosure requirements for listed companies . Draft amendment may also improve disclosure,POSITIVE
The proposed amendment will improve transparency in corporate governance., The proposed amendment will improve transparency in corporate governance .,POSITIVE
The policy may benefit stakeholders through greater transparency., The policy may benefit stakeholders through greater transparency .,POSITIVE
The proposal could increase operational costs for small enterprises., The proposal could increase operational costs for small enterprises .,NEGATIVE
The policy provides better safeguards for minority shareholders., The policy provides better safeguards for minority shareholders .,NEGATIVE
The policy provides better safeguards for minority shareholders., The policy provides better safeguards for minority shareholders .,NEGATIVE
The amendment might require companies to adopt better governance frameworks., The amendment might require companies to adopt better governance frameworks . It might require them to adopt,NEGATIVE
The policy may benefit stakeholders through greater transparency., The policy may benefit stakeholders through greater transparency .,POSITIVE
The proposal could increase operational costs for small enterprises., The proposal could increase operational costs for small enterprises .,NEGATIVE
The amendment might impose additional procedural requirements., The amendment might impose additional procedural requirements .,NEGATIVE
The regulation seems too complex for smaller companies to follow., The regulation seems too complex for smaller companies to follow .,NEGATIVE
The amendment encourages improved reporting standards., Amendment encourages improved reporting standards . Amendment encourages better reporting standards for journalists .,POSITIVE
The draft amendment may improve disclosure requirements for listed companies., The draft amendment may improve disclosure requirements for listed companies . Draft amendment may also improve disclosure,POSITIVE
The amendment might impose additional procedural requirements., The amendment might impose additional procedural requirements .,NEGATIVE
The regulation will likely enhance market transparency., The regulation will likely enhance market transparency .,POSITIVE
The amendment encourages improved reporting standards., Amendment encourages improved reporting standards . Amendment encourages better reporting standards for journalists .,POSITIVE
The proposal benefits long-term investors., The proposal benefits long-term investors. The proposal is designed to keep investors in the,POSITIVE
The draft policy lacks clear implementation guidelines., The draft policy lacks clear implementation guidelines . Draft policy has been criticised for lack of clear,NEGATIVE
The amendment may increase documentation requirements., Amendment may increase documentation requirements . Amendment may also increase requirements for documentation .,POSITIVE
The policy change appears beneficial for investor protection., The policy change appears beneficial for investor protection .,POSITIVE
The regulation seems too complex for smaller companies to follow., The regulation seems too complex for smaller companies to follow .,NEGATIVE
The legislation supports better financial governance., The legislation supports better financial governance . The legislation was passed by the US House of Representatives,POSITIVE
The amendment may increase documentation requirements., Amendment may increase documentation requirements . Amendment may also increase requirements for documentation .,POSITIVE
The draft policy might require better documentation from companies., The draft policy might require better documentation from companies .,NEGATIVE
The regulation could simplify certain reporting procedures., The regulation could simplify certain reporting procedures .,NEGATIVE
The regulation will likely enhance market transparency., The regulation will likely enhance market transparency .,POSITIVE
The draft legislation introduces stricter compliance measures., Draft legislation introduces stricter compliance measures . Draft legislation introduced stricter measures to ensure compliance .,POSITIVE
The amendment might impose additional procedural requirements., The amendment might impose additional procedural requirements .,NEGATIVE
The draft amendment may improve disclosure requirements for listed companies., The draft amendment may improve disclosure requirements for listed companies . Draft amendment may also improve disclosure,POSITIVE
The policy may improve monitoring of corporate activities., The policy may improve monitoring of corporate activities .,POSITIVE
The proposal benefits long-term investors., The proposal benefits long-term investors. The proposal is designed to keep investors in the,POSITIVE
The regulation will likely enhance market transparency., The regulation will likely enhance market transparency .,POSITIVE
The amendment might increase administrative workload., Amendment might increase administrative workload. The amendment might increase workload. It might also increase administrative,NEGATIVE
The policy may improve monitoring of corporate activities., The policy may improve monitoring of corporate activities .,POSITIVE
The amendment might require companies to adopt better governance frameworks., The amendment might require companies to adopt better governance frameworks . It might require them to adopt,NEGATIVE
The draft policy lacks clear implementation guidelines., The draft policy lacks clear implementation guidelines . Draft policy has been criticised for lack of clear,NEGATIVE
The amendment aims to strengthen regulatory oversight., The amendment aims to strengthen regulatory oversight . The amendment was passed by the U.S,POSITIVE
The proposed amendment will improve transparency in corporate governance., The proposed amendment will improve transparency in corporate governance .,POSITIVE
The proposal may introduce stricter compliance checks., The proposal may introduce stricter compliance checks .,NEGATIVE
The legislation might create additional reporting obligations., The legislation might create additional reporting obligations .,NEGATIVE
The legislation could lead to better corporate oversight., The legislation could lead to better corporate oversight .,NEGATIVE
Small firms might struggle to meet the new regulatory standards., Small firms might struggle to meet the new regulatory standards .,NEGATIVE
The regulation supports stronger enforcement mechanisms., The regulation supports stronger enforcement mechanisms .,POSITIVE
The legislation supports better financial governance., The legislation supports better financial governance . The legislation was passed by the US House of Representatives,POSITIVE
The regulation supports stronger enforcement mechanisms., The regulation supports stronger enforcement mechanisms .,POSITIVE
The regulation seems too complex for smaller companies to follow., The regulation seems too complex for smaller companies to follow .,NEGATIVE
The draft policy might require better documentation from companies., The draft policy might require better documentation from companies .,NEGATIVE
The regulation appears favorable for improving transparency., The regulation appears favorable for improving transparency .,POSITIVE
The draft policy might require better documentation from companies., The draft policy might require better documentation from companies .,NEGATIVE
The regulation will likely enhance market transparency., The regulation will likely enhance market transparency .,POSITIVE
The proposal might discourage startups due to stricter compliance., The proposal might discourage startups due to stricter compliance .,NEGATIVE
The amendment might increase administrative workload., Amendment might increase administrative workload. The amendment might increase workload. It might also increase administrative,NEGATIVE
The proposal may introduce stricter compliance checks., The proposal may introduce stricter compliance checks .,NEGATIVE
The legislation may improve the quality of financial disclosures., The legislation may improve the quality of financial disclosures .,POSITIVE
The policy provides better safeguards for minority shareholders., The policy provides better safeguards for minority shareholders .,NEGATIVE
The legislation could lead to better corporate oversight., The legislation could lead to better corporate oversight .,NEGATIVE
The regulation seems too complex for smaller companies to follow., The regulation seems too complex for smaller companies to follow .,NEGATIVE
The proposal encourages responsible corporate behavior., The proposal encourages responsible corporate behavior .,POSITIVE
The draft amendment may improve disclosure requirements for listed companies., The draft amendment may improve disclosure requirements for listed companies . Draft amendment may also improve disclosure,POSITIVE
The policy may benefit stakeholders through greater transparency., The policy may benefit stakeholders through greater transparency .,POSITIVE
The draft policy might require better documentation from companies., The draft policy might require better documentation from companies .,NEGATIVE
This regulation may increase compliance burden for small businesses., This regulation may increase compliance burden for small businesses . Small businesses may face increased compliance burden,NEGATIVE
The regulation will likely enhance market transparency., The regulation will likely enhance market transparency .,POSITIVE
This amendment could lead to unnecessary administrative work for startups.," This amendment could lead to unnecessary administrative work for startups, says Sen. Ted Cruz .",NEGATIVE
The policy provides better safeguards for minority shareholders., The policy provides better safeguards for minority shareholders .,NEGATIVE
The legislation supports better financial governance., The legislation supports better financial governance . The legislation was passed by the US House of Representatives,POSITIVE
The regulation strengthens accountability mechanisms.," The regulation strengthens accountability mechanisms. The regulation strengthened accountability mechanisms, the regulator says .",POSITIVE
This regulation may increase compliance burden for small businesses., This regulation may increase compliance burden for small businesses . Small businesses may face increased compliance burden,NEGATIVE
The regulation seems too complex for smaller companies to follow., The regulation seems too complex for smaller companies to follow .,NEGATIVE
The legislation may improve the quality of financial disclosures., The legislation may improve the quality of financial disclosures .,POSITIVE
The draft legislation requires more clarity regarding reporting requirements., Draft legislation requires more clarity regarding reporting requirements . Draft legislation must be more clear regarding reporting,NEGATIVE
The amendment encourages improved reporting standards., Amendment encourages improved reporting standards . Amendment encourages better reporting standards for journalists .,POSITIVE
Small firms might struggle to meet the new regulatory standards., Small firms might struggle to meet the new regulatory standards .,NEGATIVE
The proposed amendment will improve transparency in corporate governance., The proposed amendment will improve transparency in corporate governance .,POSITIVE
The proposal supports stronger financial accountability among corporations., The proposal supports stronger financial accountability among corporations .,POSITIVE
The regulation strengthens accountability mechanisms.," The regulation strengthens accountability mechanisms. The regulation strengthened accountability mechanisms, the regulator says .",POSITIVE
The policy provides better safeguards for minority shareholders., The policy provides better safeguards for minority shareholders .,NEGATIVE
The draft policy might require better documentation from companies., The draft policy might require better documentation from companies .,NEGATIVE
The proposal encourages responsible corporate behavior., The proposal encourages responsible corporate behavior .,POSITIVE
The draft legislation introduces stricter compliance measures., Draft legislation introduces stricter compliance measures . Draft legislation introduced stricter measures to ensure compliance .,POSITIVE
The proposal might discourage startups due to stricter compliance., The proposal might discourage startups due to stricter compliance .,NEGATIVE
The regulation seems too complex for smaller companies to follow., The regulation seems too complex for smaller companies to follow .,NEGATIVE
The amendment aims to strengthen regulatory oversight., The amendment aims to strengthen regulatory oversight . The amendment was passed by the U.S,POSITIVE
The regulation strengthens accountability mechanisms.," The regulation strengthens accountability mechanisms. The regulation strengthened accountability mechanisms, the regulator says .",POSITIVE
Small firms might struggle to meet the new regulatory standards., Small firms might struggle to meet the new regulatory standards .,NEGATIVE
This regulation may increase compliance burden for small businesses., This regulation may increase compliance burden for small businesses . Small businesses may face increased compliance burden,NEGATIVE
The draft amendment may improve disclosure requirements for listed companies., The draft amendment may improve disclosure requirements for listed companies . Draft amendment may also improve disclosure,POSITIVE
The amendment might impose additional procedural requirements., The amendment might impose additional procedural requirements .,NEGATIVE
The amendment aims to strengthen regulatory oversight., The amendment aims to strengthen regulatory oversight . The amendment was passed by the U.S,POSITIVE
The legislation might create additional reporting obligations., The legislation might create additional reporting obligations .,NEGATIVE
The regulation strengthens accountability mechanisms.," The regulation strengthens accountability mechanisms. The regulation strengthened accountability mechanisms, the regulator says .",POSITIVE
The legislation supports better financial governance., The legislation supports better financial governance . The legislation was passed by the US House of Representatives,POSITIVE
The policy provides better safeguards for minority shareholders., The policy provides better safeguards for minority shareholders .,NEGATIVE
The regulation strengthens accountability mechanisms.," The regulation strengthens accountability mechanisms. The regulation strengthened accountability mechanisms, the regulator says .",POSITIVE
Small firms might struggle to meet the new regulatory standards., Small firms might struggle to meet the new regulatory standards .,NEGATIVE
The amendment may increase documentation requirements., Amendment may increase documentation requirements . Amendment may also increase requirements for documentation .,POSITIVE
The regulation strengthens accountability mechanisms.," The regulation strengthens accountability mechanisms. The regulation strengthened accountability mechanisms, the regulator says .",POSITIVE
The amendment may help improve corporate accountability., The amendment may help improve corporate accountability . The amendment was passed by the U.S,NEGATIVE
The regulation appears favorable for improving transparency., The regulation appears favorable for improving transparency .,POSITIVE
Small firms might struggle to meet the new regulatory standards., Small firms might struggle to meet the new regulatory standards .,NEGATIVE
The draft policy might require better documentation from companies., The draft policy might require better documentation from companies .,NEGATIVE
The draft amendment may improve disclosure requirements for listed companies., The draft amendment may improve disclosure requirements for listed companies . Draft amendment may also improve disclosure,POSITIVE
The regulation supports stronger enforcement mechanisms., The regulation supports stronger enforcement mechanisms .,POSITIVE
The legislation might create additional reporting obligations., The legislation might create additional reporting obligations .,NEGATIVE
This regulation may increase compliance burden for small businesses., This regulation may increase compliance burden for small businesses . Small businesses may face increased compliance burden,NEGATIVE
The amendment might increase administrative workload., Amendment might increase administrative workload. The amendment might increase workload. It might also increase administrative,NEGATIVE
The policy may benefit stakeholders through greater transparency., The policy may benefit stakeholders through greater transparency .,POSITIVE
The amendment may help improve corporate accountability., The amendment may help improve corporate accountability . The amendment was passed by the U.S,NEGATIVE
The regulation strengthens accountability mechanisms.," The regulation strengthens accountability mechanisms. The regulation strengthened accountability mechanisms, the regulator says .",POSITIVE
The proposed amendment will improve transparency in corporate governance., The proposed amendment will improve transparency in corporate governance .,POSITIVE
The legislation may create challenges for newly established businesses., The legislation may create challenges for newly established businesses .,NEGATIVE
The proposed amendment will improve transparency in corporate governance., The proposed amendment will improve transparency in corporate governance .,POSITIVE
The amendment may increase documentation requirements., Amendment may increase documentation requirements . Amendment may also increase requirements for documentation .,POSITIVE
The regulation appears favorable for improving transparency., The regulation appears favorable for improving transparency .,POSITIVE
This amendment could lead to unnecessary administrative work for startups.," This amendment could lead to unnecessary administrative work for startups, says Sen. Ted Cruz .",NEGATIVE
The amendment may enhance investor trust., The amendment may enhance investor trust. It may enhance trust. The amendment could enhance investor,POSITIVE
The policy may improve monitoring of corporate activities., The policy may improve monitoring of corporate activities .,POSITIVE
The draft legislation requires more clarity regarding reporting requirements., Draft legislation requires more clarity regarding reporting requirements . Draft legislation must be more clear regarding reporting,NEGATIVE
The amendment aims to strengthen regulatory oversight., The amendment aims to strengthen regulatory oversight . The amendment was passed by the U.S,POSITIVE
The amendment may increase documentation requirements., Amendment may increase documentation requirements . Amendment may also increase requirements for documentation .,POSITIVE
The legislation may create challenges for newly established businesses., The legislation may create challenges for newly established businesses .,NEGATIVE
The amendment may help improve corporate accountability., The amendment may help improve corporate accountability . The amendment was passed by the U.S,NEGATIVE
The proposal might discourage startups due to stricter compliance., The proposal might discourage startups due to stricter compliance .,NEGATIVE
The legislation could lead to better corporate oversight., The legislation could lead to better corporate oversight .,NEGATIVE
The regulation could simplify certain reporting procedures., The regulation could simplify certain reporting procedures .,NEGATIVE
The legislation supports better financial governance., The legislation supports better financial governance . The legislation was passed by the US House of Representatives,POSITIVE
The proposal encourages responsible corporate behavior., The proposal encourages responsible corporate behavior .,POSITIVE
The draft policy might require better documentation from companies., The draft policy might require better documentation from companies .,NEGATIVE
The draft legislation introduces stricter compliance measures., Draft legislation introduces stricter compliance measures . Draft legislation introduced stricter measures to ensure compliance .,POSITIVE
The draft legislation introduces stricter compliance measures., Draft legislation introduces stricter compliance measures . Draft legislation introduced stricter measures to ensure compliance .,POSITIVE
The draft amendment may improve disclosure requirements for listed companies., The draft amendment may improve disclosure requirements for listed companies . Draft amendment may also improve disclosure,POSITIVE
The regulation supports stronger enforcement mechanisms., The regulation supports stronger enforcement mechanisms .,POSITIVE
The draft amendment may improve disclosure requirements for listed companies., The draft amendment may improve disclosure requirements for listed companies . Draft amendment may also improve disclosure,POSITIVE
The policy change appears beneficial for investor protection., The policy change appears beneficial for investor protection .,POSITIVE
The legislation might create additional reporting obligations., The legislation might create additional reporting obligations .,NEGATIVE
The legislation might create additional reporting obligations., The legislation might create additional reporting obligations .,NEGATIVE
The amendment may help improve corporate accountability., The amendment may help improve corporate accountability . The amendment was passed by the U.S,NEGATIVE
The proposed amendment will improve transparency in corporate governance., The proposed amendment will improve transparency in corporate governance .,POSITIVE
The regulation appears favorable for improving transparency., The regulation appears favorable for improving transparency .,POSITIVE
The legislation supports better financial governance., The legislation supports better financial governance . The legislation was passed by the US House of Representatives,POSITIVE
The proposal might discourage startups due to stricter compliance., The proposal might discourage startups due to stricter compliance .,NEGATIVE
The legislation could lead to better corporate oversight., The legislation could lead to better corporate oversight .,NEGATIVE
The legislation supports better financial governance., The legislation supports better financial governance . The legislation was passed by the US House of Representatives,POSITIVE
The amendment may increase documentation requirements., Amendment may increase documentation requirements . Amendment may also increase requirements for documentation .,POSITIVE
The draft legislation requires more clarity regarding reporting requirements., Draft legislation requires more clarity regarding reporting requirements . Draft legislation must be more clear regarding reporting,NEGATIVE
The proposal encourages responsible corporate behavior., The proposal encourages responsible corporate behavior .,POSITIVE
The proposal could result in additional regulatory scrutiny., The proposal could result in additional regulatory scrutiny .,NEGATIVE
The policy may benefit stakeholders through greater transparency., The policy may benefit stakeholders through greater transparency .,POSITIVE
The proposal could result in additional regulatory scrutiny., The proposal could result in additional regulatory scrutiny .,NEGATIVE
The amendment may increase documentation requirements., Amendment may increase documentation requirements . Amendment may also increase requirements for documentation .,POSITIVE
The amendment may enhance investor trust., The amendment may enhance investor trust. It may enhance trust. The amendment could enhance investor,POSITIVE
The proposal could result in additional regulatory scrutiny., The proposal could result in additional regulatory scrutiny .,NEGATIVE
The amendment may increase documentation requirements., Amendment may increase documentation requirements . Amendment may also increase requirements for documentation .,POSITIVE
The proposal may introduce stricter compliance checks., The proposal may introduce stricter compliance checks .,NEGATIVE
The amendment encourages ethical business practices and transparency., The amendment encourages ethical business practices and transparency .,POSITIVE
The amendment might require companies to adopt better governance frameworks., The amendment might require companies to adopt better governance frameworks . It might require them to adopt,NEGATIVE
The amendment might require companies to adopt better governance frameworks., The amendment might require companies to adopt better governance frameworks . It might require them to adopt,NEGATIVE
The regulation appears favorable for improving transparency., The regulation appears favorable for improving transparency .,POSITIVE
The amendment encourages improved reporting standards., Amendment encourages improved reporting standards . Amendment encourages better reporting standards for journalists .,POSITIVE
The policy may improve monitoring of corporate activities., The policy may improve monitoring of corporate activities .,POSITIVE
The proposal could result in additional regulatory scrutiny., The proposal could result in additional regulatory scrutiny .,NEGATIVE
The draft policy lacks clear implementation guidelines., The draft policy lacks clear implementation guidelines . Draft policy has been criticised for lack of clear,NEGATIVE
The regulation supports stronger enforcement mechanisms., The regulation supports stronger enforcement mechanisms .,POSITIVE
The policy may benefit stakeholders through greater transparency., The policy may benefit stakeholders through greater transparency .,POSITIVE
The proposed amendment will improve transparency in corporate governance., The proposed amendment will improve transparency in corporate governance .,POSITIVE
This amendment could lead to unnecessary administrative work for startups.," This amendment could lead to unnecessary administrative work for startups, says Sen. Ted Cruz .",NEGATIVE
The amendment may increase documentation requirements., Amendment may increase documentation requirements . Amendment may also increase requirements for documentation .,POSITIVE
The amendment may enhance investor trust., The amendment may enhance investor trust. It may enhance trust. The amendment could enhance investor,POSITIVE
The policy may benefit stakeholders through greater transparency., The policy may benefit stakeholders through greater transparency .,POSITIVE
The regulation could simplify certain reporting procedures., The regulation could simplify certain reporting procedures .,NEGATIVE
The draft policy lacks clear implementation guidelines., The draft policy lacks clear implementation guidelines . Draft policy has been criticised for lack of clear,NEGATIVE
The legislation could lead to better corporate oversight., The legislation could lead to better corporate oversight .,NEGATIVE
The policy change appears beneficial for investor protection., The policy change appears beneficial for investor protection .,POSITIVE
The proposal could result in additional regulatory scrutiny., The proposal could result in additional regulatory scrutiny .,NEGATIVE
The policy provides better safeguards for minority shareholders., The policy provides better safeguards for minority shareholders .,NEGATIVE
Small firms might struggle to meet the new regulatory standards., Small firms might struggle to meet the new regulatory standards .,NEGATIVE
The policy may benefit stakeholders through greater transparency., The policy may benefit stakeholders through greater transparency .,POSITIVE
The legislation supports better financial governance., The legislation supports better financial governance . The legislation was passed by the US House of Representatives,POSITIVE
The regulation could simplify certain reporting procedures., The regulation could simplify certain reporting procedures .,NEGATIVE
The legislation supports better financial governance., The legislation supports better financial governance . The legislation was passed by the US House of Representatives,POSITIVE
The regulation appears favorable for improving transparency., The regulation appears favorable for improving transparency .,POSITIVE
The amendment aims to strengthen regulatory oversight., The amendment aims to strengthen regulatory oversight . The amendment was passed by the U.S,POSITIVE
The amendment might increase administrative workload., Amendment might increase administrative workload. The amendment might increase workload. It might also increase administrative,NEGATIVE
The policy may improve monitoring of corporate activities., The policy may improve monitoring of corporate activities .,POSITIVE
The amendment may increase documentation requirements., Amendment may increase documentation requirements . Amendment may also increase requirements for documentation .,POSITIVE
The draft legislation introduces stricter compliance measures., Draft legislation introduces stricter compliance measures . Draft legislation introduced stricter measures to ensure compliance .,POSITIVE
The amendment encourages improved reporting standards., Amendment encourages improved reporting standards . Amendment encourages better reporting standards for journalists .,POSITIVE
The legislation could lead to better corporate oversight., The legislation could lead to better corporate oversight .,NEGATIVE
The proposal supports stronger financial accountability among corporations., The proposal supports stronger financial accountability among corporations .,POSITIVE
The amendment might impose additional procedural requirements., The amendment might impose additional procedural requirements .,NEGATIVE
The draft policy might require better documentation from companies., The draft policy might require better documentation from companies .,NEGATIVE
The amendment might impose additional procedural requirements., The amendment might impose additional procedural requirements .,NEGATIVE
The amendment encourages improved reporting standards., Amendment encourages improved reporting standards . Amendment encourages better reporting standards for journalists .,POSITIVE
The draft legislation requires more clarity regarding reporting requirements., Draft legislation requires more clarity regarding reporting requirements . Draft legislation must be more clear regarding reporting,NEGATIVE
This regulation may increase compliance burden for small businesses., This regulation may increase compliance burden for small businesses . Small businesses may face increased compliance burden,NEGATIVE
